/async/tags/agile/		/blog/tags/agile/	            301
/engineering/engineering/callback-vs-promises-vs-async-await/				/blog/engineering/callback-vs-promises-vs-async-await/	            301
/environment-variables-in-golang/			/blog/engineering/environment-variables-in-golang/          301
/react-app-deployment/			/blog/engineering/react-app-deployment/         301
/unit-testing-for-dummies/			/blog/growth/test-cases-for-your-e-commerce-payment-gateway-page/           301
/beginners-guide-to-tweepy/			/blog/engineering/beginners-guide-to-tweepy/            301
/stream-processing-using-kafka			/blog/engineering/stream-processing-using-kafka         301
/google-authentication-with-golang-and-goth			/blog/engineering/google-authentication-with-golang-and-goth            301
/how-to-obtain-ios-application-logs-without-mac/			/blog/engineering/how-to-obtain-ios-application-logs-without-mac/           301
/2021/04/what-is-salt/			/blog/identity/what-is-salt/            301
/using-pgp-encryption-with-nodejs			/blog/engineering/using-pgp-encryption-with-nodejs          301
/failover-systems-and-loginradius-99-99-uptime/			/blog/engineering/failover-systems-and-loginradius-99-99-uptime/            301
/google-authentication-with-golang-and-goth/			/blog/engineering/google-authentication-with-golang-and-goth/           301
/loginscreen_testing_tips/			/blog/engineering/loginscreen-testing-tips/         301
/email-verification-api/			/blog/engineering/email-verification-api/           301
/2020/08/securing-enterprise-mobile-apps/			/blog/identity/securing-enterprise-mobile-apps/         301
/elastic-search-analyzers-for-emails/			/blog/engineering/elastic-search-analyzers-for-emails/          301
/a-journey-from-node-to-golang/			/blog/engineering/a-journey-from-node-to-golang/            301
/test-cases-for-registration-and-login-page/			/blog/engineering/test-cases-for-registration-and-login-page/           301
/github-cli-tool/			/blog/engineering/github-cli-tool/          301
/checking-for-nan-in-javascript/			/blog/engineering/checking-for-nan-in-javascript/           301
/ajax-and-xhr-using-plain-javascript			/blog/engineering/ajax-and-xhr-using-plain-javascript           301
/how-to-use-jcenter-dependencies-in-android-studio/			/blog/engineering/how-to-use-jcenter-dependencies-in-android-studio/            301
/best-practice-guide-for-rest-api-security/			/blog/engineering/best-practice-guide-for-rest-api-security/            301
/using-pgp-encryption-with-nodejs/			/blog/engineering/using-pgp-encryption-with-nodejs/         301
/intro-curl-fsockopen/			/blog/engineering/intro-curl-fsockopen/         301
/AI-and-IoT-The-Perfect-Match/			/blog/engineering/AI-and-IoT-The-Perfect-Match/         301
/snapshot-testing-using-nightwatch-and-mocha/			/blog/engineering/snapshot-testing-using-nightwatch-and-mocha/          301
/adding-multi-threading-to-javascript-using-web-workers/			/blog/engineering/adding-multi-threading-to-javascript-using-web-workers/           301
/memcach-memory-management/			/blog/engineering/memcach-memory-management/            301
/Full_data_science_pipeline_implementation/			/blog/engineering/Full_data_science_pipeline_implementation/            301
/how-to-use-bower-to-install-bootstrap/			/blog/engineering/how-to-use-bower-to-install-bootstrap/            301
/azure-ad-as-an-identity-provider/			/blog/engineering/azure-ad-as-an-identity-provider/         301
/best-ui-ux-design-tools-2020			/blog/engineering/best-ui-ux-design-tools-2020          301
/upload-files-with-node-and-multer/			/blog/engineering/upload-files-with-node-and-multer/            301
/eol-end-of-line-or-newline-characters/			/blog/engineering/eol-end-of-line-or-newline-characters/            301
/write-a-javascript-library-using-webpack-and-babel			/blog/engineering/write-a-javascript-library-using-webpack-and-babel            301
/the-ultimate-guide-to-website-pop-ups/			/blog/engineering/the-ultimate-guide-to-website-pop-ups/            301
/exception_handling_in_csharp/			/blog/engineering/exception_handling_in_csharp/         301
/introduction-to-cross-site-request-forgery-csrf/			/blog/engineering/introduction-to-cross-site-request-forgery-csrf/          301
/react-router-basics/			/blog/engineering/react-router-basics/          301
/pkce/			/blog/engineering/pkce/         301
/index-in-mongodb/			/blog/engineering/index-in-mongodb/         301
/environment-variables-in-golang/			/blog/engineering/environment-variables-in-golang/          301
/setup-blog-in-minutes-with-jekyll/			/blog/engineering/setup-blog-in-minutes-with-jekyll/            301
/is-your-database-secured-think-again/			/blog/engineering/is-your-database-secured-think-again/         301
/email-verification-api/			/blog/engineering/email-verification-api/           301
/write-a-highly-efficient-python-web-crawler/			/blog/engineering/write-a-highly-efficient-python-web-crawler/          301
/jwt-authentication-with-deno/			/blog/engineering/jwt-authentication-with-deno/         301
/big-data-testing-strategy			/blog/engineering/big-data-testing-strategy         301
/relational-database-management-system-rdbms-vs-nosql/			/blog/engineering/relational-database-management-system-rdbms-vs-nosql/         301
/angular-state-management-with-ngxs/			/blog/engineering/angular-state-management-with-ngxs/           301
/simple-social-media-solutions/			/blog/engineering/simple-social-media-solutions/            301
/custom-encoders-in-the-mongo-go-driver/			/blog/engineering/custom-encoders-in-the-mongo-go-driver/           301
/creating-a-google-hangout-bot-with-express-and-node-js/			/blog/engineering/creating-a-google-hangout-bot-with-express-and-node-js/           301
/2018/08/4-barriers-building-digital-business-overcome/			/blog/identity/4-barriers-building-digital-business-overcome/           301
/cpp-stl-containers/			/blog/engineering/cpp-stl-containers/           301
/custom-encoders-in-the-mongo-go-driver			/blog/engineering/custom-encoders-in-the-mongo-go-driver            301
/shopify-embedded-app/			/blog/engineering/shopify-embedded-app/         301
/anti-xss-middleware-asp-core/			/blog/engineering/anti-xss-middleware-asp-core/         301
/mongodb-as-datasource-in-golang/			/blog/engineering/mongodb-as-datasource-in-golang/          301
/eternal-blue-retrospective/			/blog/engineering/eternal-blue-retrospective/           301
/read-and-write-in-a-local-file-with-deno/			/blog/engineering/read-and-write-in-a-local-file-with-deno/         301
/displaying-the-loginradius-interface-in-a-pop-up/			/blog/engineering/displaying-the-loginradius-interface-in-a-pop-up/         301
/alternate-authentication-asp/			/blog/engineering/alternate-authentication-asp/         301
/azure-ad-as-an-identity-provider/			/blog/engineering/azure-ad-as-an-identity-provider/         301
/mongodb-as-datasource-in-golang/			/blog/engineering/mongodb-as-datasource-in-golang/          301
/how-to-use-bower-to-install-bootstrap/			/blog/engineering/how-to-use-bower-to-install-bootstrap/            301
/extended-linkedin-api-usage/			/blog/engineering/extended-linkedin-api-usage/          301
/anti-xss-middleware-asp-core/			/blog/engineering/anti-xss-middleware-asp-core/         301
/google-authentication-with-golang-and-goth/			/blog/engineering/google-authentication-with-golang-and-goth/           301
/wordpress-custom-login-form-part-1/			/blog/engineering/wordpress-custom-login-form-part-1/           301
/my-name-is-darryl-this-is-how-work/			/blog/engineering/my-name-is-darryl-this-is-how-work/           301
/visualizing-data-using-leaflet-and-netlify/			/blog/engineering/visualizing-data-using-leaflet-and-netlify/           301
/upload-files-with-node-and-multer/			/blog/engineering/upload-files-with-node-and-multer/            301
/best-ui-ux-design-tools-2020/			/blog/engineering/best-ui-ux-design-tools-2020/         301
/rest-api-cucumber-blog/			/blog/engineering/rest-api-cucumber-blog/           301
/password-secure/			/blog/engineering/password-secure/          301
/loginradius-opensource-repos-for-hacktoberfest-2020/			/blog/engineering/loginradius-opensource-repos-for-hacktoberfest-2020/          301
/create-a-loading-spinner-using-css/			/blog/engineering/create-a-loading-spinner-using-css/           301
/engineering/engineering/three-ways-to-do-crud-operations-on-redis/				/blog/engineering/three-ways-to-do-crud-operations-on-redis/	            301
/engineering/engineering/google-authentication-with-golang-and-goth/				/blog/engineering/google-authentication-with-golang-and-goth/	            301
/engineering/engineering/get-your-free-ssl-certificate/				/blog/engineering/get-your-free-ssl-certificate/	            301
/engineering/engineering/stackexchange-8-best-resources-every-developer-must-follow/				/blog/engineering/stackexchange-8-best-resources-every-developer-must-follow/	            301
/engineering/engineering/create-a-loading-spinner-using-css/				/blog/engineering/create-a-loading-spinner-using-css/	            301
/async/tags/multer/				/blog/tags/multer/	            301
/async/tags/optmization/				/blog/tags/optmization/	            301
/engineering/engineering/azure-ad-as-an-identity-provider/				/blog/engineering/azure-ad-as-an-identity-provider/	            301
/engineering/engineering/oauth-implemenation-using-node/				/blog/engineering/oauth-implemenation-using-node/	            301
/async/tags/login-radius-interface/				/blog/tags/login-radius-interface/	            301
/engineering/engineering/e2e-testing-with-jest-puppeteer/				/blog/engineering/e2e-testing-with-jest-puppeteer/	            301
/engineering/engineering/use-php-to-generate-filter-portfolio/				/blog/engineering/use-php-to-generate-filter-portfolio/	            301
/engineering/engineering/index-in-mongodb/				/blog/engineering/index-in-mongodb/	            301
/engineering/engineering/best-practice-reviewing-qq-app/				/blog/engineering/best-practice-reviewing-qq-app/	            301
/engineering/engineering/difference-between-iam-ciam-and-idaas/				/blog/engineering/difference-between-iam-ciam-and-idaas/	            301
/async/tags/promise/				/blog/tags/promise/	            301
/engineering/engineering/extend-ciam-capabilities-of-bigcommerce/				/blog/engineering/extend-ciam-capabilities-of-bigcommerce/	            301
/engineering/engineering/lets-encrypt-with-ssl-certificates/				/blog/engineering/lets-encrypt-with-ssl-certificates/	            301
/engineering/engineering/css-responsive-grid/				/blog/engineering/css-responsive-grid/	            301
/engineering/engineering/guest-post/opencv-web-app-with-streamlit/				/blog/engineering/guest-post/opencv-web-app-with-streamlit/	            301
/engineering/engineering/how-does-bitwise-xor-work/				/blog/engineering/how-does-bitwise-xor-work/	            301
/engineering/engineering/introduction-of-idx-auto-tester/				/blog/engineering/introduction-of-idx-auto-tester/	            301
/async/tags/memory-management/				/blog/tags/memory-management/	            301
/engineering/engineering/javascript-events-bubbling-capturing-and-propagation/				/blog/engineering/javascript-events-bubbling-capturing-and-propagation/	            301
/async/tags/web-accessibility/				/blog/tags/web-accessibility/	            301
/engineering/engineering/roadmap-idx-autotester/				/blog/engineering/roadmap-idx-autotester/	            301
/engineering/engineering/css3-responsive-icons/				/blog/engineering/css3-responsive-icons/	            301
/engineering/engineering/api-debugging-tools/				/blog/engineering/api-debugging-tools/	            301
/engineering/engineering/write-a-javascript-library-using-webpack-and-babel/				/blog/engineering/write-a-javascript-library-using-webpack-and-babel/	            301
/async/tags/tes/				/blog/tags/tes/	            301
/engineering/engineering/guest-post/implementing-registration-and-authentication-in-django-using-loginradius/				/blog/engineering/guest-post/implementing-registration-and-authentication-in-django-using-loginradius/	            301
/"https://cta-service-cms2.hubspot.com/ctas/v2/public/cs/c/?cta_guid=d5bf29a3-9856-483a-9298-81652253e6f6&placement_guid=05dd89a4-9194-4559-afee-7e36d3a06680&portal_id=436275&canon=https://blog.loginradius.com/2015/02/new-user-registration/%5C%22				/blog/	            301
/"https:/cta-service-cms2.hubspot.com/ctas/v2/public/cs/c/				/blog/	            301
/engineering/engineering/understanding-event-loop/		/blog/engineering/understanding-event-loop/	            301
/fuel/2021/05/Is-AI-Really-Transforming-the-Digital-Marketing-Industry/		/blog/growth/is-ai-really-transforming-the-digital-marketing-industry/	            301
/async/tags/j-center/		/blog/tags/j-center/	            301
/async/tags/streaming/		/blog/tags/streaming/	            301
/engineering/growth/top-8-ciam-challenges-with-your-saas-business-app/		/blog/growth/top-8-ciam-challenges-with-your-saas-business-app/	            301
/engineering/identity/pii-compliance-enterprise/		/blog/identity/pii-compliance-enterprise/	            301
/engineering/engineering/blockchain-the-new-technology-of-security-trust/		/blog/engineering/blockchain-the-new-technology-of-security-trust/	            301
/engineering/engineering/guest-post/jwt-authentication-best-practices-and-when-to-use/		/blog/engineering/guest-post/jwt-authentication-best-practices-and-when-to-use/	            301
/async/tags/responsive/		/blog/engineering	            301
/2020/03/unlock-the-future-of-smart-cities/		/blog/identity/unlock-the-future-of-smart-cities/	            301
/engineering/engineering/the-truth-about-css-preprocessors-and-how-they-can-help-you/		/blog/engineering/the-truth-about-css-preprocessors-and-how-they-can-help-you/	            301
/engineering/engineering/csharp-init-only-setters-property/		/blog/engineering/csharp-init-only-setters-property/	            301
/async/tags/puppeteer/		/blog/tags/puppeteer/	            301
/engineering/identity/identity-theft-frauds/		/blog/identity/identity-theft-frauds/	            301
/async/tags/teamwork/		/blog/tags/teamwork/	            301
/2018/12/3-ways-improve-customer-experience-e-commerce-success-holiday-season/		/blog/growth/improve-customer-experience-ecommerce/	            301
/engineering/identity/loginradius-perfectmind-integration-sso-ux/		/blog/identity/loginradius-perfectmind-integration-sso-ux/	            301
/engineering/identity/online-shopping-tips/		/blog/identity/online-shopping-tips/	            301
/tags/login-and-registration/		/authentication/	            301
/async/tags/learning-resources/		/blog/tags/learning-resources/	            301
/2018/07/broadcastmed-loginradius-customer-success-story/		/blog/identity/broadcastmed-loginradius-customer-success-story/	            301
/async/tags/cucumber/		/blog/tags/cucumber/	            301
/engineering/identity/how-to-identity-mitigate-deepfake-attacks/		/blog/identity/how-to-identity-mitigate-deepfake-attacks/	            301
/async/tags/cyber-security/		/blog/tags/cybersecurity/	            301
/136		/	            301
/engineering/relational-database-management-system-rdbms-vs-		/blog/engineering/relational-database-management-system-rdbms-vs-nosql/	            301
/engineering/growth/copyright-free-images-at-no-cost/		/blog/growth/copyright-free-images-at-no-cost/	            301
/engineering/engineering/best-ui-ux-design-tools-2020/		/blog/engineering/best-ui-ux-design-tools-2020/	            301
/cloud-cost-optimization/		/blog/tags/cloud-cost-optimization/	            301
/engineering/identity/canada-to-fine-companies-for-not-reporting-data-breaches/		/blog/identity/canada-to-fine-companies-for-not-reporting-data-breaches/	            301
/103		/	            301
/engineering/growth/advanced-excel-sheet-tips/		/blog/growth/advanced-excel-sheet-tips/	            301
/async/tags/ssl/		/blog/tags/ssl/	            301
/engineering/engineering/learning-how-to-code/		/blog/engineering/learning-how-to-code/	            301
/async/tags/jamstack/		/blog/tags/jamstack/	            301
/engineering/identity/identity-as-a-service-for-business/		/blog/identity/identity-as-a-service-for-business/	            301
/engineering/growth/free-project-management-software/		/blog/growth/free-project-management-software/	            301
/engineering/engineering/loginradius-opensource-repos-for-hacktoberfest-2020/		/blog/engineering/loginradius-opensource-repos-for-hacktoberfest-2020/	            301
/engineering/engineering/guest-post/loopback-rest-api-authentication/		/blog/engineering/guest-post/loopback-rest-api-authentication/	            301
/engineering/engineering/how-to-get-email-alerts-for-unhandled-php-exceptions/		/blog/engineering/how-to-get-email-alerts-for-unhandled-php-exceptions/	            301
/engineering/identity/cloud-computing-security-challenges/		/blog/identity/cloud-computing-security-challenges/	            301
/engineering/engineering/learn-about-vdn-for-cybersecurity/		/blog/engineering/learn-about-vdn-for-cybersecurity/	            301
/async/tags/smtp/		/blog/tags/smtp/	            301
/engineering/engineering/3-simple-ways-to-secure-your-websites-applications/		/blog/engineering/3-simple-ways-to-secure-your-websites-applications/	            301
/engineering/identity/sso-integration-secure-cx/		/blog/identity/sso-integration-secure-cx/	            301
/tags/totp/		/blog/identity/one-time-passwords-security-benefits/	            301
/engineering/engineering/guid-query-mongo-shell/		/blog/engineering/guid-query-mongo-shell/	            301
/engineering/engineering/build-push-docker-images-golang/		/blog/engineering/build-push-docker-images-golang/	            301
/contribute-guest-post/		/blog/guest-blog/	            301
/engineering/engineering/react-context-api-guide-with-example/		/blog/engineering/react-context-api-guide-with-example/	            301
/engineering/engineering/software-development-engineer-in-test/		/blog/engineering/software-development-engineer-in-test/	            301
/154		/	            301
/2019/06/two-factor-authentication-mfa/		/blog/identity/what-is-multi-factor-authentication/	            301
/engineering/growth/implement-continuous-authentication-business-value/		/blog/growth/implement-continuous-authentication-business-value/	            301
/engineering/identity/perfect-ciam-platform/		/blog/identity/perfect-ciam-platform/	            301
/engineering/growth/tips-managing-remote-team/		/blog/growth/tips-managing-remote-team/	            301
/2020/10/loginradius-federated-identity-management/		/blog/identity/loginradius-federated-identity-management/	            301
/engineering/engineering/webauthn-authentication-application/		/blog/identity/webauth-secures-user-login/	            301
/async/tags/accordion/		/blog/tags/accordion/	            301
/2019/09/history-human-identity-part-3/		/blog/identity/history-human-identity-part-3/	            301
/async/tags/microservices/		/blog/tags/microservices/	            301
/async/tags/i-phone/		/blog/tags/i-phone/	            301
/async/tags/developer-resources/		/blog/tags/developer-resources/	            301
/async/tags/nest-js/		/blog/engineering/guest-post/session-authentication-with-nestjs-and-mongodb/	            301
/category/uncategorized/		/	            301
/category/general/		/	            301
/2017/09/canada-to-fine-companies-for-not-reporting-data-breaches/		/blog/identity/canada-to-fine-companies-for-not-reporting-data-breaches/	            301
/"https://cta-service-cms2.hubspot.com/ctas/v2/public/cs/c/?cta_guid=d5bf29a3-9856-483a-9298-81652253e6f6&placement_guid=05dd89a4-9194-4559-afee-7e36d3a06680&portal_id=436275&canon=https://blog.loginradius.com/2015/02/new-user-registration/%5C%22		/	            301
/async/tags/ethereum/		/blog/tags/ethereum/	            301
/async/tags/spam/		/blog/tags/spam/	            301
/async/tags/processes/		/blog/tags/processes/	            301
/2016/08/customer-identity-preference-trends-q2-2016/https://blog.loginradius.com/2016/08/customer-identity-preference-trends-q2-2016/		/blog/identity/customer-identity-preference-trends-q2-2016/	            301
/2016/08/customer-identity-preference-trends-q2-2016/https:/blog.loginradius.com/2016/08/customer-identity-preference-trends-q2-2016/		/blog/identity/customer-identity-preference-trends-q2-2016/	            301
/async/tags/react-hooks/		/blog/engineering/react-hooks-guide/	            301
/async/tags/apache-beam/		/blog/engineering/apache-beam/	            301
/engineering/identity/decentralized-authentication-future-of-authentication/		/blog/identity/what-is-decentralized-authentication/#:~:text=Decentralized%20authentication%20simply%20means%20that,for%20decentralized%2C%20verified%20digital%20identification.	            301
/async/guest-post/jwt-authentication-best-practices		/blog/engineering/guest-post/jwt-authentication-best-practices-and-when-to-use/	            301
/engineering/identity/sms-authentication-protect-business/		/blog/identity/sms-authentication-protect-business/	            301
/engineering/identity/ciam-trends-2021/		/blog/identity/ciam-trends-2021/	            301
/guid-query-mongo-shell/		/blog/engineering/guid-query-mongo-shell/	            301
/2019/01/epic-or-fail-winners-and-losers-in-customer-data-security/		/	            301
/2019/05/streamline-customer-experience-with-role-management/		/role-management/	            301
/engineering/growth/vaccine-success-can-impact-the-remote-working-culture/		/blog/growth/vaccine-success-can-impact-the-remote-working-culture/	            301
/engineering/growth/ott-authentication-boost-lead-generation-2022/		/blog/growth/ott-authentication-boost-lead-generation-2022/	            301
/engineering/growth/7-mistakes-companies-make-during-digital-transformation/		/blog/growth/7-mistakes-companies-make-during-digital-transformation/	            301
/engineering/engineering/node-package-manager-npm/		/blog/engineering/node-package-manager-npm/	            301
/"https:/cta-service-cms2.hubspot.com/ctas/v2/public/cs/c/		/blog/	            301
/async/tags/captcha/		/docs/api/v2/admin-console/platform-security/captcha-providers/google-recaptcha-configuration/	            301
/async/environment-variables-in-golang		/blog/engineering/what-is-the-new-go-1-15/	            301
/102		/	            301
/engineering/engineering/angular-roster-tutorial/		/blog/engineering/angular-roster-tutorial/	            301
/engineering/growth/loginradius-digital-identity-to-build-the-public-sector-of-the-future/		/blog/growth/loginradius-digital-identity-to-build-the-public-sector-of-the-future/	            301
/engineering/identity/best-janrain-alternative/		/blog/identity/best-janrain-alternative/	            301
/engineering/engineering/jwt-signing-algorithms/		/blog/engineering/jwt-signing-algorithms/	            301
/async/tags/oidc/		/compliance-list/openid/	            301
/engineering/growth/10-smart-tips-to-make-you-more-resilient-at-office/		/blog/growth/10-smart-tips-to-make-you-more-resilient-at-office/	            301
/async/tags/learning-websites/		/blog/tags/learning-websites/	            301
/engineering/growth/7-best-marketing-emails-to-attract-consumers-right-away/		/blog/growth/7-best-marketing-emails-to-attract-consumers-right-away/	            301
/engineering/growth/australian-business-directory-listing-websites/		/blog/growth/australian-business-directory-listing-websites/	            301
/start-with-identity/b		/blog/identity	            301
/engineering/engineering/creating-a-google-hangout-bot-with-express-and-node-js/		/blog/engineering/creating-a-google-hangout-bot-with-express-and-node-js/	            301
/engineering/engineering/social-network-branding-guidelines/		/blog/engineering/social-network-branding-guidelines/	            301
/engineering/identity/loginradius-password-policy-business-consumer/		/blog/identity/loginradius-password-policy-business-consumer/	            301
/engineering/growth/christmas-spirit-of-giving/		/blog/growth/christmas-spirit-of-giving/	            301
/engineering/identity/data-breaches-common-mistakes/		/blog/identity/data-breaches-common-mistakes/	            301
/2016/04/customer-identity-preference-trends-q1-2016/		/blog/identity/customer-identity-preference-trends-q1-2016/	            301
/engineering/engineering/guest-post/react-best-coding-practices/		/blog/engineering/user-authentication-react-application/	            301
/engineering/engineering/apache-beam/		/blog/engineering/apache-beam/	            301
/fuel/2021/03/How-to-Boost-Your-B2B-Marketing-Strategy-with-Hyper-Personalization/?ref=morioh.com&utm_source=morioh.com		/blog/growth/how-to-boost-your-b2b-marketing-strategy-with-hyper-personalization/	            301
/144		/	            301
/fuel/2021/03/How-to-Drive-in-the-		/blog/growth/how-to-drive-in-the-highest-quality-leads-in-2021-with-content-and-seo/	            301
/2018/04/amour-		/blog/	            301
/fuel/2021/05/Top-5-Features-of-Google-My-Business-for-Marketers/?ref=morioh.com&utm_source=morioh.com		/blog/growth/top-5-features-of-google-my-business-for-marketers/	            301
/fuel/2021/04/10-Video-Marketing-Stats-That-Brands-Cant-Ignore-in-2021/?ref=morioh.com&utm_source=morioh.com		/blog/growth/10-video-marketing-stats-that-brands-cant-ignore-in-2021/	            301
/fuel/2021/05/Twitter-for-B2B-Marketing-in-2021/?ref=morioh.com&utm_source=morioh.com		/blog/growth/twitter-for-b2b-marketing-in-2021/	            301
/refresh-tokens-what-are-they-and-when-to-use-them/		/blog/identity/refresh-tokens-jwt-interaction/	            301
/10		/	            301
/76		/	            301
/115		/	            301
/60		/	            301
/20		/	            301
/48		/	            301
/58		/	            301
/2		/	            301
/100		/	            301
/26		/	            301
/68		/	            301
/28		/	            301
/69		/	            301
/61		/	            301
/72		/	            301
/98		/	            301
/114		/	            301
/async/tags/sdet-vs-automation-engineer/		/blog/tags/sdet-vs-automation-engineer/	            301
/2020/09/loginradius-consumer-digital-identity-trend-report-2020/		/resource/digital-identity-trends-2020/	            301
/engineering/engineering/be-more-manipulative-with-underscore-js/		/blog/engineering/be-more-manipulative-with-underscore-js/	            301
/async/everything-you-want-to-know-about-		/	            301
/2020/04/loginradius-bans-zoom/		/blog/identity/loginradius-bans-zoom/	            301
/async/tags/encryption/		/blog/tags/encryption/	            301
/engineering/engineering/cloud-storage-vs-traditional-storage/		/blog/engineering/cloud-storage-vs-traditional-storage/	            301
/async/tags/rewmote-work/		/blog/tags/remote-work/	            301
/async/tags/hacks/		/blog/tags/hacks/	            301
/engineering/engineering/image-colorizer-tool-kolorizer/		/blog/engineering/image-colorizer-tool-kolorizer/	            301
/engineering/identity/bot-attacks/		/resource/prevent-bot-attacks-with-loginradius/	            301
/engineering/identity/customer-experience-driving-digital-transformations/		/blog/identity/customer-experience-driving-digital-transformations/	            301
/engineering/engineering/configuring-social-sharing-buttons/		/blog/engineering/social-provider-social-sharing-troubleshooting-resources/	            301
/engineering/engineering/introduction-to-web-accessibility-with-semantic-html5/		/blog/engineering/introduction-to-web-accessibility-with-semantic-html5/	            301
/engineering/engineering/user-privacy-data-masking-in-nginx-logs/		/blog/engineering/user-privacy-data-masking-in-nginx-logs/	            301
/engineering/growth/10-video-marketing-stats-that-brands-cant-ignore-in-2021/		/blog/growth/10-video-marketing-stats-that-brands-cant-ignore-in-2021/	            301
/engineering/growth/how-to-write-professional-bio-with-examples/		/blog/growth/how-to-write-professional-bio-with-examples/	            301
/engineering/engineering/opensource-automation-for-identity-experience-framework/		/blog/engineering/opensource-automation-for-identity-experience-framework/	            301
/engineering/identity/what-is-oauth/		/blog/identity/what-is-oauth/	            301
/2020/09/single-page-applications/		/blog/identity/single-page-applications/	            301
/engineering/engineering/cookie-based-vs-cookieless-authentication/		/blog/engineering/cookie-based-vs-cookieless-authentication/	            301
/engineering/engineering/how-to-promise/		/blog/engineering/how-to-promise/	            301
/engineering/growth/b2c-enterprises-ciam-retail-supply-chain/		/blog/growth/b2c-enterprises-ciam-retail-supply-chain/	            301
/engineering/engineering/hashing-user-passwords-using-bcryptjs/		/blog/engineering/password-hashing-with-nodejs/	            301
/engineering/identity/prevent-credential-stuffing-attacks/		/blog/identity/prevent-credential-stuffing-attacks/	            301
/engineering/identity/media-entertainment-use-loginradius-platform/		/blog/identity/media-entertainment-use-loginradius-platform/	            301
/engineering/engineering/saas-single-tenancy-vs-multi-tenancy/		/blog/identity/single-tenant-vs-multi-tenant/	            301
/engineering/engineering/optimal-clusters-kmeans/		/blog/engineering/optimal-clusters-kmeans/	            301
/what-is-customer-identity-and-access-management		/blog/identity/customer-identity-and-access-management/	            301
/engineering/identity/enterprise-needs-digital-business-transformation-strategy/		/blog/identity/enterprise-needs-digital-business-transformation-strategy/	            301
/engineering/identity/looking-gigya-alternative-try-loginradius-superior-modern-identity-platform/		/blog/identity/looking-gigya-alternative-try-loginradius-superior-modern-identity-platform/	            301
/engineering/engineering/guest-post/vim-level-up/		/blog/engineering/guest-post/vim-level-up/	            301
/engineering/engineering/vim-getting-started/		/blog/engineering/vim-getting-started/	            301
/153		/	            301
/engineering/engineering/how-to-configure-the-actions-on-google-console-for-google-assistant/		/blog/engineering/how-to-configure-the-actions-on-google-console-for-google-assistant/	            301
/2020/10/identity-management-for-developers-why-its-required-more-than-ever/		/blog/identity/identity-management-developers/	            301
/engineering/engineering/what-is-the-difference-between-oauth1-and-oauth2/		/blog/engineering/what-is-the-difference-between-oauth1-and-oauth2/	            301
/engineering/growth/saas-consumer-support/		/blog/growth/saas-consumer-support/	            301
/engineering/identity/history-identity-part-2/		/blog/identity/history-identity-part-2/	            301
/engineering/engineering/cloud-cost-optimization/		/blog/tags/cloud-cost-optimization/	            301
/engineering/growth/email-subject-lines-to-catch-customers-eyes/		/blog/growth/email-subject-lines-to-catch-customers-eyes/	            301
/engineering/engineering/understanding-react-rendering/		/blog/engineering/understanding-react-rendering/	            301
/async/tags/free-tool/		/blog/tags/free-tool/	            301
/engineering/identity/poor-login-concurrency-impact-ott-platforms/		/blog/identity/poor-login-concurrency-impact-ott-platforms/	            301
/engineering/engineering/python-basics-in-minutes/		/blog/engineering/python-basics-in-minutes/	            301
/start-with-identity/2019/11/improve-customer-experience-ecommerce/feed/		/blog/growth/improve-customer-experience-ecommerce/	            301
/engineering/engineering/setup-blog-in-minutes-with-jekyll/		/blog/engineering/setup-blog-in-minutes-with-jekyll/	            301
/engineering/growth/resume-building-tips/		/blog/growth/resume-building-tips/	            301
/tags/account-security/		/docs/security/user-security/login-security/	            301
/2020/07/improving-airline-customer-experience/		/blog/growth/improving-airline-customer-experience/	            301
/engineering/identity/history-identity-part-1/		/blog/identity/history-identity-part-1/	            301
/engineering/growth/cybersecurity-tips-for-ecommerce-websites/		/blog/growth/cybersecurity-tips-for-ecommerce-websites/	            301
/engineering/growth/linkedin-best-prospecting-tool-chapter-2/		/blog/growth/linkedin-best-prospecting-tool-chapter-2/	            301
/engineering/engineering/hello-world-deno/		/blog/engineering/hello-world-deno/	            301
/engineering/engineering/github-api/		/blog/engineering/github-api/	            301
/growth/hybrid-		/blog/growth/hybrid-workforce/	            301
/start-with-identity/author/saikiran-babladi/		/blog/author/saikiran-babladi/	            301
/engineering/growth/anatomy-of-perfect-about-us-page/		/blog/growth/anatomy-of-perfect-about-us-page/	            301
/engineering/growth/b2b-lead-generation-for-2021/		/blog/growth/b2b-lead-generation-for-2021/	            301
/engineering/growth/improving-airline-customer-experience/		/blog/growth/improving-airline-customer-experience/	            301
/engineering/growth/professional-bio-examples-worth-copying/		/blog/growth/professional-bio-examples-worth-copying/	            301
/engineering/engineering/ab-use-css2-sibling-selectors/		/blog/engineering/ab-use-css2-sibling-selectors/	            301
/engineering/engineering/csshtml-animated-dropdown-navigation/		/blog/tags/css/	            301
/async/tags/social/		/social-login/	            301
/engineering/engineering/importance-of-search-functionality-for-websites/		/blog/engineering/importance-of-search-functionality-for-websites/	            301
/async/tags/hosts-file/		/blog/engineering/hosts-file/	            301
/async/tags/underscore-js/		/blog/engineering/be-more-manipulative-with-underscore-js/	            301
/engineering/growth/how-consumer-identity-influence-brand-recognizability/		/blog/growth/how-consumer-identity-influence-brand-recognizability/	            301
/google-authenticator-backup/		/docs/api/v2/customer-identity-api/multi-factor-authentication/Google-Authenticator/overview/	            301
/async/tags/twitter/		/authenticate/perfect/twitter/	            301
/engineering/identity/calcualting-roi-build-vs-buy/		/blog/identity/calcualting-roi-build-vs-buy/	            301
/async/tags/passowrd-policy/		/docs/security/user-security/password-management/	            301
/engineering/engineering/invalidating-jwt/		/blog/engineering/invalidating-jwt/	            301
/hashing-passwords-one-way-road-to-security/		/blog/engineering/encryption-and-hashing/	            301
/async/tags/container/		/blog/tags/container/	            301
/fuel/2021/03/B2B-Lead-Generation-for-2021/		/blog/growth/b2b-lead-generation-for-2021/	            301
/engineering/growth/consumer-identity-role-in-the-digital-banking/		/blog/growth/consumer-identity-role-in-the-digital-banking/	            301
/2020/10/identity-management-developers/		/developers/	            301
/engineering/engineering/checking-for-nan-in-javascript/		/blog/engineering/checking-for-nan-in-javascript/	            301
/async/tags/android-app/		/blog/tags/android-app/	            301
/async/tags/hadoop/		/blog/tags/hadoop/	            301
/start-with-identity/loginradius-top-performing-blogs-2021/(/blog/start-with-identity/identity-management-in-cloud-computing/)		/blog/identity/loginradius-top-performing-blogs-2021/	            301
/customize-user-login-register-and-forgot-password-page-in-drupal-7/		/blog/engineering/customize-user-login-register-and-forgot-password-page-in-drupal-7/	            301
/async/tags/color/		/blog/tags/color/	            301
/engineering/identity/how-to-choose-a-secure-password/		/blog/identity/how-to-choose-a-secure-password/	            301
/async/tags/graph-api/		/blog/tags/graph-api/	            301
/async/tags/iot/		/blog/tags/iot/	            301
/async/tags/bot/		/blog/tags/bot/	            301
/async/tags/aws/		/blog/engineering/a-journey-with-aws/	            301
/async/tags/mongo/		/blog/tags/mongo-db/	            301
/engineering/growth/customer-experience-media-entertainment-industry/		/blog/growth/customer-experience-media-entertainment-industry/	            301
/fuel/static/fcccd32e84db313b53dca97bad76cf3c/8b983/Twitter-Verification-Feature-Image.webp		/blog/growth/how-to-add-twitter-blue-checkmark/	            301
/fuel/2021/04/Does-Your-website-Imagery-Reflect-Your-Brand-Identity/		/blog/growth/does-your-website-imagery-reflect-your-brand-identity/	            301
/engineering/engineering/react-router-basics/		/blog/engineering/react-router-basics/	            301
/engineering/identity/financial-industry-identity-management/		/blog/identity/financial-industry-identity-management/	            301
/engineering/engineering/react-constructor-get-initial-state/		/blog/engineering/react-constructor-get-initial-state/	            301
/engineering/growth/360-degree-growth-data-driven/		/blog/growth/360-degree-growth-data-driven/	            301
/engineering/engineering/tune-the-go-http-client-for-high-performance/		/blog/engineering/tune-the-go-http-client-for-high-performance/	            301
/async/tags/passport-js/		/blog/tags/passport-js/	            301
/async/electronic-identity-integratio		/blog/engineering/electronic-identity-integration/	            301
/engineering/identity/loginradius-integrates-search-navigation-better-cx/		/blog/identity/loginradius-integrates-search-navigation-better-cx/	            301
/engineering/identity/5-ways-to-handle-a-data-breach/		/blog/identity/5-ways-to-handle-a-data-breach/	            301
/2020/02/digital-trends-transforming-the-media-and-entertainment-industry-in-2020/		/blog/growth/customer-experience-media-entertainment-industry/	            301
/2020/11/online-shopping-tips/		/blog/identity/online-shopping-tips/	            301
/engineering/growth/twitter-for-b2b-marketing-in-2021/		/blog/growth/twitter-for-b2b-marketing-in-2021/	            301
/engineering/engineering/styling-radio-and-check-buttons-with-css/		/blog/engineering/styling-radio-and-check-buttons-with-css/	            301
/fuel/2020/01/improving-customer-experience-in-the-		/blog/growth/improve-customer-experience-ecommerce/	            301
/engineering/engineering/pkce/		/blog/tags/pkce/	            301
/engineering/engineering/open-source-business-email-validator-by-loginradius/		/blog/engineering/open-source-business-email-validator-by-loginradius/	            301
/engineering/engineering/google-authentication-with-nodejs-and-passportjs/		/blog/engineering/google-authentication-with-nodejs-and-passportjs/	            301
/2020/10/best-idaas-provider-loginradius/		/blog/identity/best-idaas-provider-loginradius/	            301
/engineering/engineering/integrate-linkedin-social-login-website/		/blog/engineering/integrate-linkedin-social-login-website/	            301
/async/tags/multipass/		/glossary/multipass/	            301
/engineering/engineering/loginscreen-testing-tips/		/blog/engineering/loginscreen-testing-tips/	            301
/engineering/growth/user-onboarding-tools/		/blog/growth/user-onboarding-tools/	            301
/engineering/engineering/git-cherry-pick/		/blog/engineering/git-cherry-pick/	            301
/identity/purpose-identity-security-2021/  /blog/identity/what-is-identity-security/  301
/async/tags/postman/		/tags/postman/      301
/async/tags/exploits/		/tags/exploits/     301
/async/tags/mongo-driver/		/tags/mongo-driver/     301
/2019/12/christmas-spirit-of-giving/		/growth/christmas-spirit-of-giving/     301
/fuel/2021/06/how-twitter-blue-checkmark-can-earn-trust-for-your-brand/		/growth/how-to-add-twitter-blue-checkmark/      301
/async/tags/learning/		/tags/learning/     301
/identity/benefits-of-mfa/"		/identity/benefits-of-mfa/      301
/async/tags/jest/		/engineering/react-security-vulnerabilities/        301
/2019/08/a-history-of-human-identity-in-pictures-part-ii/		/identity/history-identity-part-2/      301
/async/page/guest-blog		/guest-blog/        301
/2020/05/loginradius-ciam-china-business/		/identity/loginradius-ciam-china-business/      301
/async/tags/http/		/tags/http/     301
/engineering/identity/benefits-of-reauthentication/		/identity/benefits-of-reauthentication/     301
/async/tags/bitwise/		/tags/bitwise/      301
/start-with-identity/author/cooper-matheson/		/author/cooper-matheson/        301
/async/tags/tweepy/		/tags/tweepy/       301
/engineering/engineering/password-security-best-practices-compliance/		/engineering/password-security-best-practices-compliance/       301
/engineering/growth/qr-code-in-marketing/		/growth/qr-code-in-marketing/       301
/async/tags/redux/		/tags/redux/        301
/engineering/identity/account-security-consumers/		/identity/account-security-consumers/       301
/fuel/2021/03/growth-hacking-for-saas-businesses/		/growth/understanding-growth-hacking-and-how-saas-businesses-can-use-it-to-optimize-growth/       301
/engineering/engineering/basic-query-operations-in-mongodb/		/engineering/basic-query-operations-in-mongodb/     301
/async/tags/dom/		/tags/dom/      301
/async/tags/skills/		/tags/skills/       301
/async/tags/snapshot-testing/		/tags/qa/       301
/2019/08/history-identity-part-2/		/identity/history-identity-part-2/      301
/engineering/identity/online-casino-and-gambling-cyber-threat/		/identity/online-casino-and-gambling-cyber-threat/      301
/async/tags/identity/		/tags/identity/     301
/tags/customer-journey/		/tags/customer-experience/      301
/async/tags/rest-api/		/tags/rest-api/     301
/async/angular-state-management-		/engineering/angular-state-management-with-ngxs/        301
/async/tags/mozila-firefox/		/engineering/content-security-policy/       301
/tags/access-log/		https://www.loginradius.com/docs/api/v2/customer-identity-api/consent-mangement/overview/       301
/async/tags/login-screen/		/tags/login-screen/     301
/start-with-identity/2020/08/securing-enterprise-mobile-apps/feed/		/identity/securing-enterprise-mobile-apps/      301
/async/eol-end-of-line-or-newline-characters/>		/engineering/eol-end-of-line-or-newline-characters/     301
/async/tags/storage/		/tags/storage/      301
/async/tags/shopify/		/tags/shopify/      301
/async/tags/azure-ad/		/engineering/guest-post/using-azure-key-vault-with-an-azure-web-app-in-c-sharp/     301
/async/tags/guid/		/tags/guid/     301
/blog/2014/02/24/7-considerations-using-social-login-on-website-app/		/growth/10-things-know-about-social-login/      301
/engineering/identity/pros-cons-open-source-project/		/identity/pros-cons-open-source-project/        301
/2019/12/loginradius-named-ciam-leader-owi/		/identity/loginradius-named-ciam-leader-owi/        301
/engineering/growth/improve-customer-experience-ecommerce/		/growth/improve-customer-experience-ecommerce/      301
/engineering/engineering/git-fetch-remote-branch/		/engineering/git-cherry-pick/       301
/engineering/identity/iam-vs-ciam/		/engineering/difference-between-iam-ciam-and-idaas/     301
/start-with-identit		/identity/      301
/tags/biometric-uthentication/		/tags/biometric-authentication/     301
/async/everything-you-want-to-know-about-authorization-headers		/identity/what-is-dynamic-authorization/        301
/async/tags/blogging/		/tags/blogging/     301
/engineering/engineering/container-security-scanning/		/engineering/container-security-scanning/       301
/engineering/engineering/password-secure/		/engineering/password-secure/       301
/async/tags/http-headers/		/tags/http-headers/     301
/tags/c-suite/		/growth/google-keep-tips-for-productivity/      301
/start-with-identity/2014/06/18/social-media-evolution/		/growth/evolution-digital-identity-better-cx/       301
/engineering/growth/free-local-business-listing-sites-uk/		/growth/free-local-business-listing-sites-uk/       301
/engineering/growth/top-3-ciam-indicators/		/growth/top-3-ciam-indicators/      301
/async/tags/web-security/		/tags/web-security/     301
/2020/09/loginradius-announces-user-management/		/identity/loginradius-announces-user-management/        301
/tags/promises/		/tags/promise/      301
/2023/06/online-casino-and-gambling-cyber-threat/It		/identity/online-casino-and-gambling-cyber-threat/      301
/async/tags/rpa/		/tags/rpa/      301
/fuel/2021/03/b2b-marketing-strategy-with-hyper-personalization/		/growth/how-to-boost-your-b2b-marketing-strategy-with-hyper-personalization/       301
/tags/quality/		/tags/code-quality/     301
/tags/digital-business/		/tags/digital-id/       301
/async/tags/curl/		/tags/curl/     301
/2017/11/future-ciam-passwordless/		/identity/passwordless-authentication-the-future-of-identity-and-security/      301
/engineering/engineering/integrating-twitter-social-login/		/engineering/integrating-twitter-social-login/      301
/start-with-		/identity/      301
/async/tags/troubleshoot/		/tags/troubleshoot/     301
/async/tags/ip/		/tags/ip/       301
/2019/08/history-identity-part-1/		/identity/history-identity-part-1/      301
/async/tags/qq/		/tags/qq/       301
/engineering/growth/business-is-vulnerable-online-how-to-secure/		/growth/business-is-vulnerable-online-how-to-secure/        301
/async/tags/cnn/		/tags/cnn/      301
/2020/09/loginradius-identity-experience-framework/		https://www.loginradius.com/identity-experience-framework/      301
/identity/identity-verification-challenges-and-solutions/loginradius.com/resource/ciam-buyers-guide-to-secure-your-roi		/identity/identity-verification-challenges-and-solutions/       301
/start-with-identity/2021/06/risk-management-with-holisticapis/     /identity/risk-management-with-holistic-apis/       301
/2019/05/risk-based-authentication/		/identity/risk-based-authentication/        301
/start-with-identity/author/naveen-soni/	/blog/author/naveen-soni/	301
/introduction-of-Idx-Auto-Tester/	   	/blog/engineering/introduction-of-idx-auto-tester/	  301	
/opensource-Automation-for-identity-experience-framework/	   	/blog/engineering/opensource-automation-for-identity-experience-framework/	  301	
/roadmap-idx-autotester/	   	/blog/engineering/roadmap-idx-autotester/	  301
/growth/8-Effective-Communication-Strategies-for-Internal-Alignment-and-Growth-in-2021/	   	/blog/growth/8-effective-communication-strategies-for-internal-alignment-and-growth-in-2021/	  301
/growth/How-to-Drive-in-the-Highest-Quality-Leads-in-2021-with-Content-and-SEO/	   	/blog/growth/how-to-drive-in-the-highest-quality-leads-in-2021-with-content-and-seo/	  301
/growth/How-to-Make-Businesses-Marketing-Plans-After-Coronavirus/	   	/blog/growth/how-to-make-businesses-marketing-plans-after-coronavirus/	  301
/growth/Top-5-Marketing-Strategies-to-Power-up-Your-Business/	   	/blog/growth/top-5-marketing-strategies-to-power-up-your-business/	  301
/identity/improve-customer-experience-ecommerce/	   	/blog/growth/improve-customer-experience-ecommerce/	  301
/identity/cyber-threats-	/blog/identity/cyber-threats-business-risk-covid-19/	301
/tags/callbacks/	/docs/api/v2/customer-identity-api/consent-mangement/overview/	301
/2019/10/kuppingercole-ciw-presentation/	/blog/identity/kuppingercole-ciw-presentation/	301
/async/tags/login-and-registration/	/authentication/	301
/2020/07/identity-management-for-education/	/blog/identity/identity-management-for-education/	301
/async/tags/lf/	/blog/engineering/eol-end-of-line-or-newline-characters/	301
/async/tags/google-assistant/	/blog/engineering/how-to-configure-the-actions-on-google-console-for-google-assistant/	301
/2018/02/identity-fraud-hits-time-high-2017/	/blog/identity/identity-fraud-hits-time-high-2017/	301
/async/tags/jsonp/	/blog/engineering/understanding-jsonp/	301
/start-with-identity/2019/10/cybersecurity-attacks-business	/blog/identity/cybersecurity-attacks-business/	301
/async/tags/memory-leak/	/blog/engineering/what-is-the-new-go-1-15/	301
/start-with-identity/category/industry-news/	/blog/tags/industry-news/	301
/async/tags/distributed-systems/	/blog/engineering/understanding-kubernetes/	301
/start-with-identity	/blog/identity/	301
/2018/11/infographic-making-customers-feel-seen-omnichannel-world/	/blog/growth/omnichannel-customer-experience/	301
/blog/2018/11/infographic-making-customers-feel-seen-omnichannel-world/	/blog/growth/omnichannel-customer-experience/	301
/async /blog/engineering/ 301
/engineering /blog/engineering/ 301
/start-with-identity/loginradius-journey-csm/	/blog/growth/loginradius-journey-csm/	301
/start-with-identity/loginradius-csr-activities/	/blog/growth/loginradius-csr-activities/	301
/identity/loginradius-journey-csm/	/blog/growth/loginradius-journey-csm/	301
/identity/Maintaining-Quality-Data-Security-Practices/	/blog/identity/maintaining-quality-data-security-practices/	301
/identity/OAuth-authentication-vulnerabilities/	/blog/identity/oauth-authentication-vulnerabilities/	301
/start-with-identity/2019/09/how-to-throw-a-tiki-tech-party/	/blog/growth/how-to-throw-a-tiki-tech-party/	301
/identity/what-is-Phone-Login/	/blog/identity/what-is-phone-login/	301
/start-with-identity/loginradius-csr-activities/  /blog/growth/loginradius-csr-activities/  301
/identity/2021/03/what-is-passwordless-login/Index/ /blog/identity/what-is-passwordless-login/  301
/identity/Top-10-Cybersecurity-Predictions-for-2021-That-SMBs-Must-Know/	/blog/identity/top-10-cybersecurity-predictions-for-2021-that-smbs-must-know/	301
/start-with-identity/2021/03/Multi-Factor-Authentication-A-Beginners-Guide/	/blog/identity/multi-factor-authentication-a-beginners-guide/	301
/start-with-identity/2021/03/Single-Sign-On-A-Beginners-Guide/	/blog/identity/single-sign-on-a-beginners-guide/	301
/2017/04/byoid-new-authentication-norm/	/blog/identity/	301
/2017/08/unified-customer-identities-increase-ecommerce-conversions-revenue	/blog/growth/customer-identity-drives-digital-ecommerce-success/	301
/2017/10/ciam-solves-gdpr-customer-consent	/blog/identity/customer-identity-and-access-management/	301
/2017/10/ciam-solves-gdpr-customer-consent/	/blog/identity/customer-identity-and-access-management/	301
/2018/01/2018-cybersecurity-trends/	/blog/identity/	301
/2018/01/digital-security-meltdown/	/blog/identity/	301
/2018/01/the-death-of-passwords/	/blog/identity/	301
/2018/02/new-gdpr-like-privacy-law-could-be-coming-to-california-in-2018/	/blog/identity/	301
/2018/02/phishing-for-identity	/blog/identity/phishing-for-identity/	301
/2018/02/phishing-for-identity/	/blog/identity/phishing-for-identity/	301
/2018/03/eu-citizens-using-right-forgotten/	/blog/identity/	301
/2018/03/facebook-cambridge-analytica-meltdown-gdpr-solution/	/blog/identity/	301
/2018/03/facebook-cambridge-analytica-meltdown-update-privacy-settings/	/blog/identity/	301
/2018/03/gdpr-will-affect-companies-use-data-target-customers/	/blog/identity/	301
/2018/03/top-5-business-objectives-that-ciam-solves	/blog/growth/how-ciam-can-resolve-retail-industry-challenges/	301
/2018/03/top-5-business-objectives-that-ciam-solves/	/blog/identity/	301
/2018/04/amour-praised-managed-data-breach/	/blog/identity/	301
/2018/04/death-credit-card-signatures/	/blog/identity/	301
/2018/04/download-facebook-data/	/blog/identity/	301
/2018/04/gdpr-clock-ticking/	/blog/identity/	301
/2018/05/customer-experience-driving-digital-transformations	/blog/identity/customer-experience-driving-digital-transformations/	301
/2018/05/customer-experience-driving-digital-transformations/	/blog/identity/customer-experience-driving-digital-transformations/	301
/2018/05/facebook-suspends-200-apps-data-privacy-investigation/	/blog/identity/	301
/2018/05/infographic-poor-password-hygiene-letting-cybercriminals-clean/	/blog/identity/	301
/2018/05/loginradius-adventure-vancouver-team-cleans-seawall/	/blog/identity/	301
/2018/06/myheritage-breach-exposes-92-million-user-accounts/	/blog/identity/	301
/2018/06/upcoming-webinar-death-passwords/	/blog/identity/	301
/2018/07/3-security-advantages-cloud-based-solution-can-offer-business/	/blog/identity/	301
/2018/07/digital-transformation-everyone-else/	/blog/identity/	301
/2018/07/loginradius-announces-17m-series-funding-forgepoint-microsoft/	/blog/identity/loginradius-announces-17m-series-funding-forgepoint-microsoft/	301
/loginradius-announces-17m-series-funding-forgepoint-microsoft/  /blog/identity/loginradius-announces-17m-series-funding-forgepoint-microsoft/  301
/2018/08/23-months-since-our-last-incident/	/blog/identity/	301
/2018/08/loginradius-exhibiting-idm-europe/	/blog/identity/	301
/2018/08/news-coverage-roundup/	/blog/identity/	301
/2018/08/win-customers-get-visit/	/blog/identity/	301
/2018/09/top-10-retail-banking-technologies/	/blog/identity/	301
/2018/09/top-3-things-effective-company-privacy-structure/	/blog/identity/	301
/2018/09/upcoming-webinar-buyers-guide-multi-factor-authentication/	/blog/identity/	301
/2018/10/customer-spotlight-hydro-ottawa/	/blog/identity/customer-spotlight-hydro-ottawa/	301
/2018/10/digital-transformation-safeguarding-customer-experience/	/blog/identity/digital-transformation-safeguarding-customer-experience/	301
/2018/10/improving-customer-experience-media-publication-industry/	/blog/growth/customer-experience-media-entertainment-industry/	301
/2018/10/improving-customer-experience-public-sector/	/blog/identity/improving-customer-experience-public-sector/	301
/2018/10/improving-customer-experience-travel-hospitality-industry/	/blog/growth/improve-customer-experience-hospitality-industry/	301
/2018/10/treating-customers-like-criminals/	/blog/identity/	301
/2018/11/enterprise-needs-digital-business-transformation-strategy/	/blog/identity/enterprise-needs-digital-business-transformation-strategy/	301
/2018/11/improving-customer-experience-banking-finance-industry/	/blog/identity/financial-industry-identity-management/	301
/2018/11/improving-customer-experience-in-the-retail-e-commerce-industry/	/blog/growth/customer-experience-retail-industry/	301
/2018/11/improving-customer-fan-experience-sports-entertainment-industry/	/blog/growth/improving-customer-fan-experience-sports-entertainment-industry/	301
/2018/11/keep-online-customers-secure-shopping-season/	/blog/identity/	301
/2018/11/reconsidering-social-login-security-privacy-angle/	/blog/identity/reconsidering-social-login-security-privacy-angle/	301
/2018/11/weather-network-featured-loginradius-event-toronto/	/blog/identity/	301
/2018/12/infographic-the-death-of-passwords/	/blog/identity/infographic-the-death-of-passwords/	301
/2018/12/put-customer-data-security-first-avoid-breaches-like-marriotts/	/blog/identity/	301
/2018/12/use-multi-factor-authentication-dont-cell-phone-access/	/blog/identity/use-multi-factor-authentication-dont-cell-phone-access/	301
/2019/01/best-practices-choosing-good-security-questions/	/blog/identity/best-practices-choosing-good-security-questions/	301
/2019/01/google-fined-e50-million-gdpr-violations/	/blog/identity/	301
/2019/01/how-do-i-know-if-my-email-has-been-leaked-in-a-data-breach/	/blog/identity/how-do-i-know-if-my-email-has-been-leaked-in-a-data-breach/	301
/2019/02/looking-gigya-alternative-try-loginradius-superior-modern-identity-platform/	/blog/identity/looking-gigya-alternative-try-loginradius-superior-modern-identity-platform/	301
/2019/02/presenting-progressive-profiling-loginradius/	/blog/identity/presenting-progressive-profiling-loginradius/	301
/2019/02/webinar-5-steps-improving-omnichannel-customer-journey/	/blog/identity/	301
/2019/03/akamai-acquires-janrain/	/blog/identity/best-janrain-alternative/	301
/2019/03/iam-vs-ciam/	/blog/identity/iam-vs-ciam/	301
/2019/05/ccpa-introduction/	/blog/identity/ccpa-introduction/	301
/2019/05/customer-profiling-drives-growth/	https://www.loginradius.com/customer-profiling/	301
/2019/05/sso-identity-providers/	/blog/identity/best-sso-providers-loginradius/	301
/2019/05/what-is-single-sign-on/	/blog/identity/what-is-single-sign-on/	301
/2019/06/customer-identity-and-access-management	/blog/identity/customer-identity-and-access-management/	301
/2019/06/customer-identity-and-access-management/	/blog/identity/customer-identity-and-access-management/	301
/2019/06/enterprise-single-sign-on-authentication/	/blog/identity/enterprise-single-sign-on-authentication/	301
/2019/06/perfect-ciam-platform/	/blog/identity/perfect-ciam-platform/	301
/2019/06/what-is-multi-factor-authentication/	/blog/identity/what-is-multi-factor-authentication/	301
/2019/09/ccpa-vs-gdpr-the-compliance-war/	/blog/identity/ccpa-vs-gdpr-the-compliance-war/	301
/2019/09/prevent-credential-stuffing-attacks/	/blog/identity/prevent-credential-stuffing-attacks/	301
/2019/10/cloud-computing-security-challenges/	/blog/identity/cloud-computing-security-challenges/	301
/2019/10/cybersecurity-attacks-business/	/blog/identity/cybersecurity-attacks-business/	301
/2019/10/cybersecurity-best-practices-for-enterprises/	/blog/identity/data-security-best-practices/	301
/2019/10/digital-identity-management/	/blog/identity/digital-identity-management/	301
/2019/10/passwordless-authentication-the-future-of-identity-and-security/	/blog/identity/passwordless-authentication-the-future-of-identity-and-security/	301
/2019/11/benefits-single-sign-on-sso/	/blog/identity/benefits-single-sign-on-sso/	301
/2019/11/improve-customer-experience-ecommerce/	/blog/growth/improve-customer-experience-ecommerce/	301
/2019/12/digital-privacy-best-practices/	/blog/identity/digital-privacy-best-practices/	301
/2019/12/identity-as-a-service-for-business/	/blog/identity/identity-as-a-service-for-business/	301
/2019/12/worst-passwords-list-2019/	/blog/identity/worst-passwords-list-2019/	301
/2020/01/improving-customer-experience-in-the-gaming-industry/	/blog/growth/improving-customer-experience-in-the-gaming-industry/	301
/2020/02/customer-experience-media-entertainment-industry/	/blog/growth/customer-experience-media-entertainment-industry/	301
/2020/03/how-loginradius-helps-enterprises-stay-ccpa-compliant-in-2020/	/blog/identity/how-loginradius-helps-enterprises-stay-ccpa-compliant-in-2020/	301
/2020/03/improve-customer-experience-hospitality-industry/	/blog/growth/improve-customer-experience-hospitality-industry/	301
/2020/03/loginradius-business-continuity-covid-19-outbreak/	/blog/identity/loginradius-business-continuity-covid-19-outbreak/	301
/2020/04/corporate-account-takeover-attacks/	/blog/identity/corporate-account-takeover-attacks/	301
/2020/04/financial-industry-identity-management/	/blog/identity/financial-industry-identity-management/	301
/2020/04/loginradius-ciam-retail-ecommerce-business/	/blog/identity/loginradius-ciam-retail-ecommerce-business/	301
/2020/04/loginradius-pin-based-authentication/	/blog/identity/loginradius-pin-based-authentication/	301
/2020/04/marriott-data-breach-2020/	/blog/identity/marriott-data-breach-2020/	301
/2020/04/omnichannel-customer-experience/	/blog/growth/omnichannel-customer-experience/	301
/2020/05/consent-management/	/blog/consent-management/	301
/2020/05/customer-experience-retail-industry	/blog/growth/customer-experience-retail-industry/	301
/2020/05/customer-experience-retail-industry/	/blog/growth/customer-experience-retail-industry/	301
/2020/05/cyber-threats-business-risk-covid-19/	/blog/identity/cyber-threats-business-risk-covid-19/	301
/2020/05/streaming-applications-secure-customer-data/	/blog/identity/streaming-applications-secure-customer-data/	301
/2020/06/authentication-vs-authorization-infographic/	/blog/identity/authentication-vs-authorization-infographic/	301
/2020/06/consumer-data-privacy-security	/blog/identity/consumer-data-privacy-security/	301
/2020/06/consumer-data-privacy-security/	/blog/identity/consumer-data-privacy-security/	301
/2020/06/online-casino-and-gambling-cyber-threat/	/blog/identity/online-casino-and-gambling-cyber-threat/	301
/2020/07/data-governance-best-practices/	/blog/identity/data-governance-best-practices/	301
/2020/07/loginradius-consumer-audit-trail-data-analysis/	/blog/identity/loginradius-consumer-audit-trail-data-analysis/	301
/2020/07/loginradius-identity-import-manager-data-migration/	/blog/identity/loginradius-identity-import-manager-data-migration/	301
/2020/10/loginradius-launches-passwordless-login-with-magic-link-or-otp/	/blog/identity/loginradius-launches-passwordless-login-with-magic-link-or-otp/	301
/2020/10/social-engineering-attacks/	/blog/identity/social-engineering-attacks/	301
/a-bot-protection-overview/	/blog/engineering/a-bot-protection-overview/	301
/a-webapp-in-deno/	/blog/engineering/build-a-cli-tool-using-deno/	301
/agile-development-team/	/blog/engineering/agile-development-team/	301
/animating-simple-css-popup-tutorial/	/blog/engineering/simple-popup-tutorial/	301
/async/a-journey-with-AWS/	/blog/engineering/a-journey-with-aws/	301
/async/AI-and-IoT-The-Perfect-Match/	/blog/engineering/ai-and-iot-the-perfect-match/	301
/async/Best-hacking-tools/	/blog/engineering/best-hacking-tools/	301
/async/Blockchain-the-new-technology-of-security-trust/	/blog/engineering/blockchain-the-new-technology-of-security-trust/	301
/async/blog/react-constructor-get-initial-state/	/blog/engineering/react-constructor-get-initial-state/	301
/async/challenges_faced_by_qa/	/blog/engineering/challenges-faced-by-qa/	301
/async/everything-you-want-to-know-about-sonarqube/	/blog/engineering/sonarqube/	301
/async/exception_handling_in_csharp/	/blog/engineering/exception-handling-in-csharp/	301
/async/Full_data_science_pipeline_implementation/	/blog/engineering/full-data-science-pipeline-implementation/	301
/async/git_rebase_vsgit_merge/	/blog/engineering/git-rebase-vs-git-merge/	301
/async/guest-post/implementing-registration-and-authentication-in-django-using-LoginRadius/	/blog/engineering/guest-post/implementing-registration-and-authentication-in-django-using-loginradius/	301
/async/introduction-of-Idx-Auto-Tester/	/blog/engineering/introduction-of-idx-auto-tester/	301
/async/introduction-to-progressive-web-apps/	/blog/engineering/build-pwa-using-vanilla-javascript/	301
/async/Introduction-to-UniFi-Ubiquiti-Network/	/blog/engineering/introduction-to-unifi-ubiquiti-network/	301
/async/Learn-About-VDN-for-CyberSecurity/	/blog/engineering/learn-about-vdn-for-cybersecurity/	301
/async/loginscreen_testing_tips/	/blog/engineering/loginscreen-testing-tips/	301
/async/Nodejs-and-MongoDb-application-authentication-by-JWT/	/blog/engineering/nodejs-and-mongodb-application-authentication-by-jwt/	301
/async/oAuth-implemenation-using-node/	/blog/engineering/oauth-implemenation-using-node/	301
/async/opensource-Automation-for-identity-experience-framework/	/blog/engineering/opensource-automation-for-identity-experience-framework/	301
/async/Optimal-Clusters-KMeans/	/blog/engineering/optimal-clusters-kmeans/	301
/async/page/guest-blog/	/blog/	301
/async/react-context-api-guide-with-Example/	/blog/engineering/react-context-api-guide-with-example/	301
/async/rss.xml/	/blog/rss.xml/	301
/async/Secure-Enclave-iOS-app/	/blog/engineering/secure-enclave-ios-app/	301
/async/unit-testing-for-dummies/	/blog/engineering/unit-testing/	301
/async/user-authentication-in-python/	/blog/engineering/guest-post/user-authentication-in-python/	301
/async/What-is-adaptive-authentication/	/blog/engineering/what-is-adaptive-authentication/	301
/async/what-is-the-new-go-1.15/	/blog/engineering/what-is-the-new-go-1-15/	301
/beginners-guide-for-sublime-text/	/blog/engineering/beginners-guide-for-sublime-text/	301
/broadcastmed-loginradius-customer-success-story/	/blog/identity/broadcastmed-loginradius-customer-success-story/	301
/build-pwa-using-vanilla-javascript/	/blog/tags/java-script/	301
/consent-management/	/blog/identity/consent-management/	301
/container-security-scanning/	/blog/engineering/container-security-scanning/	301
/encryption-and-hashing/	/blog/growth/consumer-journey-from-sign-up-to-purchase/	301
/engineering/a-journey-with-AWS/	/blog/engineering/a-journey-with-aws/	301
/engineering/AI-and-IoT-The-Perfect-Match/	/blog/engineering/ai-and-iot-the-perfect-match/	301
/engineering/animating-simple-css-popup-tutorial/	/blog/engineering/simple-popup-tutorial/	301
/engineering/best-practice-guide-for-rest-api-security/	/blog/engineering/http-security-headers/	301
/engineering/build-a-cli-tool-using-deno/	/blog/hello-world-deno/	301
/engineering/build-pwa-using-vanilla-javascript/	/blog/everything-you-want-to-know-about-authorization-headers/	301
/engineering/callback-vs-promises-vs-async-await/	/blog/engineering/web-workers/	301
/engineering/challenges_faced_by_qa/	/blog/engineering/challenges-faced-by-qa/	301
/engineering/configuring-social-sharing-buttons/	/blog/engineering/social-provider-social-sharing-troubleshooting-resources/	301
/engineering/create-rest-api-in-deno/	/blog/hello-world-deno/	301
/engineering/css3-responsive-icons/	/blog/engineering/social-media-colors-hex/	301
/engineering/csshtml-animated-dropdown-navigation/	/blog/beginners-guide-for-sublime-text/	301
/engineering/environment-variables-in-golang/	/blog/engineering/what-is-the-new-go-1-15/	301
/engineering/everything-you-want-to-know-about-authorization-headers/	/blog/identity/what-is-dynamic-authorization/	301
/engineering/exception_handling_in_csharp/	/blog/engineering/exception-handling-in-csharp/	301
/engineering/Full_data_science_pipeline_implementation/	/blog/engineering/full-data-science-pipeline-implementation/	301
/engineering/git-fetch-remote-branch/	/blog/git-cherry-pick/	301
/engineering/git-fetch-remote-branch/	/blog/engineering/git-commands/	301
/engineering/golang-maps/	/blog/engineering/sending-emails-with-golang/	301
/engineering/hacktoberfest-participation-as-maintainer/	/blog/hacktoberfest-2021/	301
/engineering/hashing-user-passwords-using-bcryptjs/	/blog/engineering/password-hashing-with-nodejs/	301
/engineering/how-to-fix-memory-leaks-in-react/	/blog/engineering/react-security-vulnerabilities/	301
/engineering/implement-facebook-social-login/	/blog/engineering/integrating-twitter-social-login/	301
/engineering/jwt-authentication-with-deno/	/blog/engineering/jwt/	301
/engineering/login-with-facebook/	/blog/engineering/oauth2/	301
/engineering/my-name-is-darryl-this-is-how-work/	/blog/beginners-guide-for-sublime-text/	301
/engineering/password-security-best-practices-compliance/loginradius.com/blog/2019/12/worst-passwords-list-2019/	/blog/engineering/password-security-best-practices-compliance/	301
/engineering/pkce/	/blog/oAuth-implemenation-using-node/	301
/engineering/progressive-app-vs-native-app/	/blog/build-pwa-using-vanilla-javascript/	301
/engineering/python-virtual-environments/	/blog/python-basics-in-minutes/	301
/engineering/quick-10-minutes-guide-about-the-nginx-access-and-error-logs/	/blog/engineering/user-privacy-data-masking-in-nginx-logs/	301
/engineering/react-app-deployment/	/blog/engineering/guest-post/how-to-build-a-progressive-web-app-with-react/	301
/engineering/read-and-write-in-a-local-file-with-deno/	/blog/hello-world-deno/	301
/engineering/run-multiple-nodejs-version-on-the-same-machine/	/blog/engineering/node-http-module-server/	301
/engineering/Secure-Enclave-iOS-app/	/blog/engineering/Secure-Enclave-iOS-app/	301
/engineering/simple-social-media-solutions/	/blog/engineering/integrating-twitter-social-login/	301
/engineering/sonarqube/	/blog/agile-development-team/	301
/engineering/stream-processing-using-kafka/	/blog/quick-kafka-installation/	301
/engineering/tags/machine-learning/	/blog/engineering/full-data-science-pipeline-implementation/	301
/engineering/test-cases-for-registration-and-login-page/	/blog/engineering/loginscreen-testing-tips/	301
/engineering/the-ultimate-guide-to-website-pop-ups/	/blog/engineering/simple-popup-tutorial/	301
/engineering/understanding-kubernetes/	/blog/container-security-scanning/	301
/engineering/using-facebook-graph-api-after-login/	/blog/implement-facebook-social-login/	301
/engineering/using-jwt-with-oauth2-when-and-why/	/blog/engineering/jwt/	301
/engineering/webauthn-authentication-application/	/blog/engineering/password-security-best-practices-compliance/	301
/engineering/What-is-adaptive-authentication/	/blog/engineering/what-is-adaptive-authentication/	301
/engineering/what-is-graphql/	/blog/engineering/what-is-an-api/	301
/everything-you-want-to-know-about-authorization-headers/	/blog/identity/what-is-dynamic-authorization/	301
/fuel/10-Video-Marketing-Stats-That-Brands-Cant-Ignore-in-2021/	/blog/growth/10-video-marketing-stats-that-brands-cant-ignore-in-2021/	301
/fuel/20-Content-Ideas-for-Most-Engaging-B2B-LinkedIn-Posts/	/blog/growth/20-content-ideas-for-most-engaging-b2b-linkedin-posts/	301
/fuel/7-Best-Marketing-Emails-to-Attract-Consumers-Right-Away/	/blog/growth/7-best-marketing-emails-to-attract-consumers-right-away/	301
/fuel/8-Effective-Communication-Strategies-for-Internal-Alignment-and-Growth-in-2021/	/blog/growth/8-effective-communication-strategies-for-internal-alignment-and-growth-in-2021/	301
/fuel/A-Brief-Guide-to-Online-Reputation-Management/	/blog/growth/a-brief-guide-to-online-reputation-management/	301
/fuel/B2B-Lead-Generation-for-2021/	/blog/growth/b2b-lead-generation-for-2021/	301
/fuel/Benefits-of-Google-Tag-Manager/	/blog/growth/benefits-of-google-tag-manager/	301
/fuel/customer-identity-drives-digital-eCommerce-success/	/blog/growth/customer-identity-drives-digital-ecommerce-success/	301
/fuel/Cybersecurity-Tips-for-Ecommerce-Websites/	/blog/growth/cybersecurity-tips-for-ecommerce-websites/	301
/fuel/Digitization-of-Agile-Marketing-Principles/	/blog/growth/digitization-of-agile-marketing-principles/	301
/fuel/Does-Your-website-Imagery-Reflect-Your-Brand-Identity/	/blog/growth/does-your-website-imagery-reflect-your-brand-identity/	301
/fuel/Duplicate-Content-and-SEO/	/blog/growth/duplicate-content-and-seo/	301
/fuel/Future-Of-Social-Media-Video-Marketing/	/blog/growth/future-of-social-media-video-marketing/	301
/fuel/Hotjar-vs-Microsoft-Clarity/	/blog/growth/hotjar-vs-microsoft-clarity/	301
/fuel/how-CISO-can-improve-collaboration-on-security-risks/	/blog/growth/how-ciso-can-improve-collaboration-on-security-risks/	301
/fuel/How-customer-retention-can-help-businesses-grow/	/blog/growth/how-customer-retention-can-help-businesses-grow/	301
/fuel/How-to-add-Twitter-Blue-Checkmark/	/blog/growth/how-to-add-twitter-blue-checkmark/	301
/fuel/How-to-Boost-Your-B2B-Marketing-Strategy-with-Hyper-Personalization/	/blog/growth/how-to-boost-your-b2b-marketing-strategy-with-hyper-personalization/	301
/fuel/How-to-Drive-in-the-Highest-Quality-Leads-in-2021-with-Content-and-SEO/	/blog/growth/how-to-drive-in-the-highest-quality-leads-in-2021-with-content-and-seo/	301
/fuel/How-to-Make-Businesses-Marketing-Plans-After-Coronavirus/	/blog/growth/how-to-make-businesses-marketing-plans-after-coronavirus/	301
/fuel/Is-AI-Really-Transforming-the-Digital-Marketing-Industry/	/blog/growth/is-ai-really-transforming-the-digital-marketing-industry/	301
/fuel/Leverage-Website-for-More-Conversions/	/blog/growth/leverage-website-for-more-conversions/	301
/fuel/page/guest-blog/	/blog/	301
/fuel/PR-Trends-to-Consider-in-2021/	/blog/growth/pr-trends-to-consider-in-2021/	301
/fuel/rss.xml/	/blog/rss.xml/	301
/fuel/Top-10-Tips-to-Enhance-Your-Creativity-While-Working-From-Home/	/blog/growth/top-10-tips-to-enhance-your-creativity-while-working-from-home/	301
/fuel/top-25-citation-sites-canada/	/blog/growth/	301
/fuel/Top-5-Features-of-Google-My-Business-for-Marketers/	/blog/growth/top-5-features-of-google-my-business-for-marketers/	301
/fuel/Top-5-Marketing-Strategies-to-Power-up-Your-Business/	/blog/growth/top-5-marketing-strategies-to-power-up-your-business/	301
/fuel/Top-5-SEO-Tools-for-Auditing-WordPress-Website/	/blog/growth/top-5-seo-tools-for-auditing-wordpress-website/	301
/fuel/Top-UI-UX-Design-Tools-2021/	/blog/growth/top-ui-ux-design-tools-2021/	301
/fuel/Twitter-for-B2B-Marketing-in-2021/	/blog/growth/twitter-for-b2b-marketing-in-2021/	301
/fuel/Understanding-Growth-Hacking-and-How-SaaS-Businesses-Can-Use-It-to-Optimize-Growth/	/blog/growth/understanding-growth-hacking-and-how-saas-businesses-can-use-it-to-optimize-growth/	301
/fuel/Vaccine-Success-can-Impact-the-Remote-Working-Culture/	/blog/growth/vaccine-success-can-impact-the-remote-working-culture/	301
/fuel/Which-Marketing-Strategy-is-Best-for-You/	/blog/growth/which-marketing-strategy-is-best-for-you/	301
/fuel/Why-is-Consumer-Onboarding-Critical-for-Startups/	/blog/growth/why-is-consumer-onboarding-critical-for-startups/	301
/fuel/Why-Video-Testimonials-Are-A-Marketing-Must/	/blog/growth/why-video-testimonials-are-a-marketing-must/	301
/git-cherry-pick/	/blog/engineering/git-cherry-pick/	301
/golang-maps/	/blog/engineering/sending-emails-with-golang/	301
/growth/2021/03/20-Content-Ideas-for-Most-Engaging-B2B-LinkedIn-Posts/	/blog/growth/20-content-ideas-for-most-engaging-b2b-linkedin-posts/	301
/growth/2021/03/8-Effective-Communication-Strategies-for-Internal-Alignment-and-Growth-in-2021/	/blog/growth/2021/03/8-effective-communication-strategies-for-internal-alignment-and-growth-in-2021/	301
/growth/2021/03/B2B-Lead-Generation-for-2021/	/blog/growth/b2b-lead-generation-for-2021/	301
/growth/2021/03/How-to-Drive-in-the-Highest-Quality-Leads-in-2021-with-Content-and-SEO/	/blog/growth/How-to-Drive-in-the-Highest-Quality-Leads-in-2021-with-Content-and-SEO/	301
/growth/2021/03/How-to-Make-Businesses-Marketing-Plans-After-Coronavirus/	/blog/growth/How-to-Make-Businesses-Marketing-Plans-After-Coronavirus/	301
/growth/2021/04/10-Video-Marketing-Stats-That-Brands-Cant-Ignore-in-2021/	/blog/growth/10-video-marketing-stats-that-brands-cant-ignore-in-2021/	301
/growth/2021/04/Does-Your-website-Imagery-Reflect-Your-Brand-Identity/	/blog/growth/does-your-website-imagery-reflect-your-brand-identity/	301
/growth/2021/04/Top-5-Marketing-Strategies-to-Power-up-Your-Business/	/blog/growth/top-5-marketing-strategies-to-power-up-your-business/	301
/growth/2021/04/Why-Video-Testimonials-Are-A-Marketing-Must/	/blog/growth/why-video-testimonials-are-a-marketing-must/	301
/growth/Benefits-of-Google-Tag-Manager/	https://www.loginradius.com/integrations/google-tag-manager/	301
/growth/role-of-frictionless-paymentsfor-businesses/	/blog/growth/consumer-journey-from-sign-up-to-purchase/	301
/hacktoberfest-2021/	/blog/engineering/hacktoberfest-participation-as-maintainer/	301
/hello-world-deno/	/blog/tags/deno/	301
/http-security-headers/	/blog/engineering/http-security-headers/	301
/identity/6-reliable-authentication-methods-customers/loginradius.com/resource/buyers-guide-to-multi-factor-authentication/	/blog/identity/6-reliable-authentication-methods-customers/	301
/identity/benefits-of-2fa/	/blog/identity/benefits-of-mfa/	301
/identity/customer-experience-retail-industry/	/blog/growth/customer-experience-retail-industry/	301
/identity/etc-connect-loginradius-customer-success-story/	/blog/identity/etc-loginradius-customer-success-story/	301
/identity/OAuth2.0-guide/	/blog/identity/oauth2-0-guide/	301
/identity/sase-zero-trust/loginradius.com/resource/zero-trust-security/	/blog/identity/sase-zero-trust/	301
/identity/what-is-passwordless-login/index/	/blog/identity/what-is-passwordless-login/	301
/identity/What-is-User-Management/	/blog/identity/what-is-user-management/	301
/implement-facebook-social-login/	/blog/engineering/integrating-twitter-social-login/	301
/integrate-linkedin-social-login-website/	/blog/engineering/integrate-linkedin-social-login-website/	301
/integrating-twitter-social-login/	/blog/engineering/integrating-twitter-social-login/	301
/jwt/	/blog/engineering/jwt-authentication-with-deno/	301
/loginradius-supports-hacktoberfest-2020/	/blog/engineering/loginradius-supports-hacktoberfest-2020/	301
/oAuth-implemenation-using-node/	/blog/engineering/oauth-implemenation-using-node/	301
/oauth2/	/blog/engineering/oauth2/	301
/password-security-best-practices-compliance/	/blog/engineering/password-security-best-practices-compliance/	301
/production-grade-development-using-docker-compose/	/blog/engineering/production-grade-development-using-docker-compose/	301
/python-basics-in-minutes/	/blog/engineering/speed-up-python-code/	301
/quick-kafka-installation/	/blog/engineering/quick-kafka-installation/	301
/react-context-api/	/blog/engineering/react-context-api	301
/react-hooks-guide/	/blog/engineering/react-hooks-guide	301
/react-state-management/	/blog/engineering/react-state-management	301
/sending-emails-with-golang/	/blog/engineering/sending-emails-with-golang/	301
/simple-popup-tutorial/	/blog/engineering/simple-popup-tutorial/	301
/social-media-colors-hex/	/blog/engineering/social-media-colors-hex/	301
/social-provider-social-sharing-troubleshooting-resources/	/blog/engineering/social-provider-social-sharing-troubleshooting-resources/	301
/speed-up-python-code/	/blog/engineering/speed-up-python-code/	301
/start-with-identity/2018/02/phishing-for-identity/	/blog/identity/phishing-for-identity/	301
/phishing-for-identity/	/blog/identity/phishing-for-identity/	301
/start-with-identity/2018/05/customer-experience-driving-digital-transformations/	/blog/identity/customer-experience-driving-digital-transformations/	301
/start-with-identity/2018/07/loginradius-announces-17m-series-funding-forgepoint-microsoft/	/blog/identity/loginradius-announces-17m-series-funding-forgepoint-microsoft/	301
/blog/loginradius-announces-17m-series-funding-forgepoint-microsoft/	/blog/identity/loginradius-announces-17m-series-funding-forgepoint-microsoft/	301
/start-with-identity/2018/08/4-things-consider-starting-digital-transformation/	/blog/growth/4-things-consider-starting-digital-transformation/	301
/start-with-identity/2018/10/digital-transformation-safeguarding-customer-experience/	/blog/identity/digital-transformation-safeguarding-customer-experience/	301
/start-with-identity/2018/11/enterprise-needs-digital-business-transformation-strategy/	/blog/identity/enterprise-needs-digital-business-transformation-strategy/	301
/start-with-identity/2018/11/improving-customer-fan-experience-sports-entertainment-industry/	/blog/growth/improving-customer-fan-experience-sports-entertainment-industry/	301
/start-with-identity/2018/11/reconsidering-social-login-security-privacy-angle/	/blog/identity/reconsidering-social-login-security-privacy-angle/	301
/start-with-identity/2018/12/use-multi-factor-authentication-dont-cell-phone-access/	/blog/identity/use-multi-factor-authentication-dont-cell-phone-access/	301
/start-with-identity/2019/01/best-practices-choosing-good-security-questions/	/blog/identity/best-practices-choosing-good-security-questions/	301
/start-with-identity/2019/01/how-do-i-know-if-my-email-has-been-leaked-in-a-data-breach/	/blog/identity/how-do-i-know-if-my-email-has-been-leaked-in-a-data-breach/	301
/start-with-identity/2019/02/presenting-progressive-profiling-loginradius/	/blog/identity/presenting-progressive-profiling-loginradius/	301
/start-with-identity/2019/05/customer-profiling-drives-growth/	/blog/docs/governance/customer-profiling/custom-object-overview/	301
/start-with-identity/2019/05/risk-based-authentication/	/blog/identity	301
/start-with-identity/2019/05/sso-identity-providers/	/blog/identity-providers/	301
/start-with-identity/2019/05/what-is-single-sign-on/	/blog/identity/what-is-single-sign-on/	301
/start-with-identity/2019/06/customer-identity-and-access-management/	/blog/identity/customer-identity-and-access-management/	301
/start-with-identity/2019/06/what-is-multi-factor-authentication/	/blog/identity/what-is-multi-factor-authentication/	301
/start-with-identity/2019/09/ccpa-vs-gdpr-the-compliance-war/	/blog/identity/ccpa-vs-gdpr-the-compliance-war/	301
/start-with-identity/2019/09/prevent-credential-stuffing-attacks/	/blog/identity/prevent-credential-stuffing-attacks/	301
/start-with-identity/2019/10/cybersecurity-attacks-business/	/blog/identity/cybersecurity-attacks-business/	301
/start-with-identity/2019/10/cybersecurity-best-practices-for-enterprises/	/blog/identity/cybersecurity-best-practices-for-enterprises/	301
/start-with-identity/2019/10/digital-identity-management/	/blog/identity/digital-identity-management/	301
/start-with-identity/2019/10/passwordless-authentication-the-future-of-identity-and-security/	/blog/identity/passwordless-authentication-the-future-of-identity-and-security/	301
/start-with-identity/2019/11/benefits-single-sign-on-sso/	/blog/identity/benefits-single-sign-on-sso/	301
/start-with-identity/2019/11/improve-customer-experience-ecommerce/	/blog/growth/improve-customer-experience-ecommerce/	301
/start-with-identity/2019/12/digital-privacy-best-practices/	/blog/identity/digital-privacy-best-practices/	301
/start-with-identity/2019/12/identity-as-a-service-for-business/	/blog/identity/identity-as-a-service-for-business/	301
/start-with-identity/2019/12/worst-passwords-list-2019/	/blog/identity/worst-passwords-list-2019/	301
/start-with-identity/2020/01/improving-customer-experience-in-the-gaming-industry/	/blog/growth/improving-customer-experience-in-the-gaming-industry/	301
/start-with-identity/2020/02/customer-experience-media-entertainment-industry/	/blog/growth/customer-experience-media-entertainment-industry/	301
/start-with-identity/2020/02/what-is-social-login/	/blog/identity/what-is-social-login/	301
/start-with-identity/2020/03/how-loginradius-helps-enterprises-stay-ccpa-compliant-in-2020/	/blog/identity/how-loginradius-helps-enterprises-stay-ccpa-compliant-in-2020/	301
/start-with-identity/2020/03/improve-customer-experience-hospitality-industry/	/blog/growth/improve-customer-experience-hospitality-industry/	301
/start-with-identity/2020/03/loginradius-business-continuity-covid-19-outbreak/	/blog/identity/loginradius-business-continuity-covid-19-outbreak/	301
/start-with-identity/2020/04/corporate-account-takeover-attacks/	/blog/identity/corporate-account-takeover-attacks/	301
/start-with-identity/2020/04/loginradius-pin-based-authentication/	/blog/identity/loginradius-pin-based-authentication/	301
/start-with-identity/2020/04/omnichannel-customer-experience/	/blog/growth/omnichannel-customer-experience/	301
/start-with-identity/2020/05/customer-experience-retail-industry/	/blog/growth/customer-experience-retail-industry/	301
/start-with-identity/2020/05/cyber-threats-business-risk-covid-19/	/blog/identity/cyber-threats-business-risk-covid-19/	301
/start-with-identity/2020/06/authentication-vs-authorization-infographic/	/blog/identity/authentication-vs-authorization-infographic/	301
/start-with-identity/2020/06/consumer-data-privacy-security/	/blog/identity/consumer-data-privacy-security/	301
/start-with-identity/2020/07/data-governance-best-practices/	/blog/identity/data-governance-best-practices/	301
/start-with-identity/2020/07/improving-airline-customer-experience/	/blog/growth/improving-airline-customer-experience/	301
/start-with-identity/2020/08/securing-enterprise-mobile-apps/	/blog/identity/securing-enterprise-mobile-apps/	301
/start-with-identity/2020/09/best-sso-providers-loginradius/	/blog/identity/best-sso-providers-loginradius/	301
/start-with-identity/2020/09/consumer-identity-management-cmo-ciso-cio/	/blog/identity/consumer-identity-management-cmo-ciso-cio/	301
/start-with-identity/2020/10/loginradius-federated-identity-management/	/blog/identity/loginradius-federated-identity-management/	301
/start-with-identity/2020/10/loginradius-launches-passwordless-login-with-magic-link-or-otp/	/blog/identity/loginradius-launches-passwordless-login-with-magic-link-or-otp/	301
/start-with-identity/2020/10/social-engineering-attacks/	/blog/identity/social-engineering-attacks/	301
/start-with-identity/2020/11/authentication-sso-native-mobile-apps/	/blog/identity/authentication-sso-native-mobile-apps/	301
/start-with-identity/2020/11/ecommerce-security/	/blog/identity/ecommerce-security/	301
/start-with-identity/2020/12/bot-attacks/	/blog/identity/bot-attacks/	301
/start-with-identity/2020/12/data-security-best-practices/	/blog/identity/data-security-best-practices/	301
/start-with-identity/2020/12/how-to-stop-phone-hacking/	/blog/identity/how-to-stop-phone-hacking/	301
/start-with-identity/2020/12/identity-proofing/	/blog/identity/identity-proofing/	301
/start-with-identity/2020/12/iot-smart-authentication/	/blog/identity/iot-smart-authentication/	301
/start-with-identity/2020/12/login-security/	/blog/identity/login-security/	301
/start-with-identity/2020/12/what-to-do-when-email-hacked/	/blog/identity/what-to-do-when-email-hacked/	301
/start-with-identity/2021/01/7-web-app-sec-threats/	/blog/identity/7-web-app-sec-threats/	301
/start-with-identity/2021/01/how-to-choose-a-secure-password/	/blog/identity/how-to-choose-a-secure-password/	301
/start-with-identity/2021/01/how-to-setup-2fa-in-online-accounts/	/blog/identity/how-to-setup-2fa-in-online-accounts/	301
/start-with-identity/2021/01/identity-management-in-cloud-computing/	/blog/identity/identity-management-in-cloud-computing/	301
/start-with-identity/2021/01/user-onboarding-revamp-application/	/blog/identity/user-onboarding-revamp-application/	301
/start-with-identity/2021/01/what-is-digital-transformation/	/blog/identity/what-is-digital-transformation/	301
/start-with-identity/2021/01/what-is-iam/	/blog/identity/what-is-iam/	301
/start-with-identity/2021/02/brute-force-lockout/	/blog/identity/brute-force-lockout/	301
/start-with-identity/2021/02/social-login-infographic/	/blog/identity/social-login-infographic/	301
/start-with-identity/2021/02/strategies-secure-cloud-operations/	/blog/identity/strategies-secure-cloud-operations/	301
/start-with-identity/2021/03/calcualting-roi-build-vs-buy/	/blog/identity/calcualting-roi-build-vs-buy/	301
/start-with-identity/2021/03/identity-theft-frauds/	/blog/identity/identity-theft-frauds/	301
/start-with-identity/2021/03/privacy-compliance/	/blog/identity/privacy-compliance/	301
/start-with-identity/2021/03/What-is-User-Management/	/blog/identity/What-is-User-Management/	301
/start-with-identity/2021/04/identity-management-in-media-industry/	/blog/identity/identity-management-in-media-industry/	301
/start-with-identity/2021/04/maintaining-quality-data-security-practices/	/blog/identity/maintaining-quality-data-security-practices/	301
/start-with-identity/2021/06/what-is-identity-provider/	/blog/identity/what-is-identity-provider/	301
/start-with-identity/how-to-protect-business-BGP-hijacking/	/blog/identity/how-to-protect-business-bgp-hijacking/	301
/start-with-identity/identity-management-in-cloud-computing/	/blog/identity/loginradius-top-performing-blogs-2021/	301
/start-with-identity/Maintaining-Quality-Data-Security-Practices/	/blog/identity/maintaining-quality-data-security-practices/	301
/start-with-identity/Multi-Factor-Authentication-A-Beginners-Guide/	/blog/identity/multi-factor-authentication-a-beginners-guide/	301
/start-with-identity/OAuth-authentication-vulnerabilities/	/blog/identity/oauth-authentication-vulnerabilities/	301
/start-with-identity/OAuth2.0-guide/	/blog/identity/oauth2-0-guide/	301
/start-with-identity/page/guest-blog/	/blog/	301
/start-with-identity/Put-Yourself-In-Control-of-Your-Data-by-Leveraging-LoginRadius-SSO/	/blog/identity/put-yourself-in-control-of-your-data-by-leveraging-loginradius-sso/	301
/start-with-identity/rss.xml/	/blog/rss.xml/	301
/start-with-identity/Single-Sign-On-A-Beginners-Guide/	/blog/identity/single-sign-on-a-beginners-guide/	301
/start-with-identity/Top-10-Cybersecurity-Predictions-for-2021-That-SMBs-Must-Know/	/blog/identity/top-10-cybersecurity-predictions-for-2021-that-smbs-must-know/	301
/start-with-identity/what-is-Phone-Login/	/blog/identity/what-is-phone-login/	301
/start-with-identity/What-is-User-Management/	/blog/identity/what-is-user-management/	301
/website-authentication-protocols/	https://www.loginradius.com/protocols/	301
/what-is-an-api/	/blog/engineering/what-is-an-api/	301
/write-a-javascript-library-using-webpack-and-babel/	/blog/engineering/write-a-javascript-library-using-webpack-and-babel/	301
/engineering/a-webapp-in-deno/  /blog/engineering/hello-world-deno/ 301
/identity/oauth2.0-guide/   /blog/identity/oauth2-0-guide/   301
/tags/o-auth/ /blog/tags/oauth/ 301
/tags/saa-s/ /blog/tags/saas/ 301
/tags/i-daa-s/ /blog/tags/idaas/ 301
/tags/git-hub/ /blog/tags/github/ 301
/fuel/:year/:month/:slug/ /growth/:slug/  301
/growth/:year/:month/:slug/ /growth/:slug/  301
/identity/:year/:month/:slug/ /identity/:slug/  301
/async/author/*	/blog/author/:splat	301
/fuel/author/*	/blog/author/:splat	301
/blog/*  /blog/:splat/	301
/start-with-identity/*	/blog/identity/:splat	301
/start-with-identity/author/*	/blog/author/:splat	301
/start-with-identity/category/*	/blog/tags/:splat	301
/fuel/*	/blog/growth/:splat	301
/async/*	/blog/engineering/:splat	301
/start-with-identity/*	/blog/identity/:splat	301
/async/tags/*	/blog/tags/:splat	301
